<step title="Incoming Request" date="2024-06-21T04:20:31.912" instance="3f856f" url="/api/zipdeploy?isAsync=true" method="POST" type="request" pid="92,1,7" Accept="*/*" Host="web-app-un4rh.scm.azurewebsites.net" User-Agent="AZURECLI/2.61.0 (DEB)" Accept-Encoding="gzip, deflate" Authorization="Bas..." Cache-Control="no-cache" Content-Type="application/octet-stream" Content-Length="218969" x-ms-client-request-id="663309b3-2f85-11ef-979a-57a400d0f32b" X-ARR-LOG-ID="c952a2e9-242f-4e77-95ba-51f5f59473f4" CLIENT-IP="52.12.55.86:62567" X-Client-IP="52.12.55.86" X-SITE-DEPLOYMENT-ID="web-app-un4Rh" WAS-DEFAULT-HOSTNAME="web-app-un4rh.scm.azurewebsites.net" X-Forwarded-Proto="https" X-AppService-Proto="https" X-Forwarded-TlsVersion="1.3" X-WAWS-Unencoded-URL="/api/zipdeploy?isAsync=true" X-Client-Port="62567" >
  <step title="ZipPushDeploy" date="2024-06-21T04:20:32.103" >
    <step title="ZipDeploy. Extract zip. Remote build." date="2024-06-21T04:20:32.110" /><!-- duration: 3ms -->
    <step title="None repository commit" date="2024-06-21T04:20:32.121" >
      <step title="Commit id: f042b825-4e4b-4d92-8ad5-206dcb833c23" date="2024-06-21T04:20:32.123" Message="N/A" AuthorName="N/A" AuthorEmail="N/A" /><!-- duration: 3ms -->
    </step><!-- duration: 8ms -->
    <step title="Writing artifact to /tmp/zipdeploy/017b763d-6eaf-459e-b6e0-d5e23c561083.zip" date="2024-06-21T04:20:32.186" /><!-- duration: 16ms -->
    <step title="Start deployment in the background" date="2024-06-21T04:20:32.221" >
      <step title="Acquiring Deployment Lock" date="2024-06-21T04:20:32.241" /><!-- duration: 3ms -->
      <step title="Acquired Deployment Lock" date="2024-06-21T04:20:32.269" /><!-- duration: 3ms -->
    </step><!-- duration: 112ms -->
  </step><!-- duration: 235ms -->
  <step title="Outgoing response" date="2024-06-21T04:20:32.346" type="response" statusCode="202" statusText="Accepted" /><!-- duration: 3ms -->
</step><!-- duration: 439ms -->
