<step title="Incoming Request" date="2024-06-21T04:26:29.934" instance="3f856f" url="/api/deployments/latest" method="GET" type="request" pid="92,1,21" Accept="*/*" Host="web-app-un4rh.scm.azurewebsites.net" User-Agent="AZURECLI/2.61.0 (DEB)" Accept-Encoding="gzip, deflate" Authorization="Bas..." x-ms-client-request-id="651874db-2f86-11ef-979a-57a400d0f32b" X-ARR-LOG-ID="bc0adff6-7433-4e82-a028-c609f54efccb" CLIENT-IP="52.12.55.86:60821" X-Client-IP="52.12.55.86" X-SITE-DEPLOYMENT-ID="web-app-un4Rh" WAS-DEFAULT-HOSTNAME="web-app-un4rh.scm.azurewebsites.net" X-Forwarded-Proto="https" X-AppService-Proto="https" X-Forwarded-TlsVersion="1.3" X-WAWS-Unencoded-URL="/api/deployments/latest" X-Client-Port="60821" >
  <step title="Cleanup Xml Logs" date="2024-06-21T04:26:29.938" /><!-- duration: 6ms -->
  <step title="DeploymentService.GetResult" date="2024-06-21T04:26:29.954" >
    <step title="DeploymentService.GetLatestDeployment" date="2024-06-21T04:26:29.959" >
      <step title="DeploymentManager.GetResults" date="2024-06-21T04:26:29.964" /><!-- duration: 670ms -->
      <step title="Deployment bec17a8d-4cb7-47be-9329-ab6b509e101c is Building" date="2024-06-21T04:26:30.637" /><!-- duration: 2ms -->
    </step><!-- duration: 682ms -->
  </step><!-- duration: 689ms -->
  <step title="Outgoing response" date="2024-06-21T04:26:30.649" type="response" statusCode="202" statusText="Accepted" /><!-- duration: 3ms -->
</step><!-- duration: 720ms -->
