<step title="BackgroundTrace" date="2024-06-21T04:20:32.225" instance="3f856f" url="/api/zipdeploy" method="POST" >
  <step title="Creating temporary deployment - FetchDeploymentManager" date="2024-06-21T04:20:32.274" /><!-- duration: 2ms -->
  <step title="Creating temporary deployment" date="2024-06-21T04:20:32.280" /><!-- duration: 44ms -->
  <step title="Before sending BuildRequestReceived status to /api/updatedeploystatus" date="2024-06-21T04:20:32.327" /><!-- duration: 3ms -->
  <step title="Performing fetch based deployment" date="2024-06-21T04:20:32.386" >
    <step title="Cleaning up temp folders from previous zip deployments and extracting pushed zip file /tmp/zipdeploy/017b763d-6eaf-459e-b6e0-d5e23c561083.zip (0.21 MB) to /tmp/zipdeploy/extracted" date="2024-06-21T04:20:33.507" >
      <step title="ChmodRecursive Process exited with total time taken in ms: 18" date="2024-06-21T04:20:33.554" /><!-- duration: 3ms -->
    </step><!-- duration: 53ms -->
    <step title="Deployment timer started" date="2024-06-21T04:20:35.575" >
      <step title="DeploymentManager.Deploy(id:f042b825-4e4b-4d92-8ad5-206dcb833c23)" date="2024-06-21T04:20:35.581" >
        <step title="Collecting changeset information" date="2024-06-21T04:20:35.595" /><!-- duration: 53ms -->
        <step title="Updating submodules" date="2024-06-21T04:20:35.654" /><!-- duration: 1085ms -->
        <step title="Determining deployment builder" date="2024-06-21T04:20:37.178" >
          <step title="Builder is OryxBuilder" date="2024-06-21T04:20:37.188" /><!-- duration: 2ms -->
        </step><!-- duration: 14ms -->
        <step title="PreDeployment: context.CleanOutputPath False" date="2024-06-21T04:20:37.221" >
          <step title="PreDeployment: context.OutputPath /home/site/wwwroot" date="2024-06-21T04:20:37.301" >
            <step title="Building" date="2024-06-21T04:20:37.662" >
              <step title="Executing external process" date="2024-06-21T04:20:38.162" type="process" path="bash" arguments="-c &quot;oryx build /tmp/zipdeploy/extracted -o /home/site/wwwroot --platform python --platform-version 3.10 -p virtualenv_name=antenv --log-file /tmp/build-debug.log  -i /tmp/8dc91a9808c8335 --compress-destination-dir | tee /tmp/oryx-build.log ; exit $PIPESTATUS &quot;" 