<step title="Incoming Request" date="2024-06-21T04:20:36.738" instance="3f856f" url="/api/deployments/latest" method="GET" type="request" pid="92,1,14" Accept="*/*" Host="web-app-un4rh.scm.azurewebsites.net" User-Agent="AZURECLI/2.61.0 (DEB)" Accept-Encoding="gzip, deflate" Authorization="Bas..." x-ms-client-request-id="663309b3-2f85-11ef-979a-57a400d0f32b" X-ARR-LOG-ID="96a4ff9b-d72b-4ba0-8bbe-721806bf7533" CLIENT-IP="52.12.55.86:21016" X-Client-IP="52.12.55.86" X-SITE-DEPLOYMENT-ID="web-app-un4Rh" WAS-DEFAULT-HOSTNAME="web-app-un4rh.scm.azurewebsites.net" X-Forwarded-Proto="https" X-AppService-Proto="https" X-Forwarded-TlsVersion="1.3" X-WAWS-Unencoded-URL="/api/deployments/latest" X-Client-Port="21016" >
  <step title="Cleanup Xml Logs" date="2024-06-21T04:20:36.742" /><!-- duration: 8ms -->
  <step title="DeploymentService.GetResult" date="2024-06-21T04:20:36.811" >
    <step title="DeploymentService.GetLatestDeployment" date="2024-06-21T04:20:36.824" >
      <step title="DeploymentManager.GetResults" date="2024-06-21T04:20:36.829" /><!-- duration: 112ms -->
      <step title="Deployment f042b825-4e4b-4d92-8ad5-206dcb833c23 is Pending" date="2024-06-21T04:20:36.944" /><!-- duration: 3ms -->
    </step><!-- duration: 126ms -->
  </step><!-- duration: 142ms -->
  <step title="Outgoing response" date="2024-06-21T04:20:36.990" type="response" statusCode="202" statusText="Accepted" /><!-- duration: 4ms -->
</step><!-- duration: 258ms -->
