<step title="Incoming Request" date="2024-06-21T04:26:25.169" instance="3f856f" url="/api/zipdeploy?isAsync=true" method="POST" type="request" pid="92,1,24" Accept="*/*" Host="web-app-un4rh.scm.azurewebsites.net" User-Agent="AZURECLI/2.61.0 (DEB)" Accept-Encoding="gzip, deflate" Authorization="Bas..." Cache-Control="no-cache" Content-Type="application/octet-stream" Content-Length="218969" x-ms-client-request-id="651874db-2f86-11ef-979a-57a400d0f32b" X-ARR-LOG-ID="0d398fd0-1790-4ed0-8264-a7edde5c0414" CLIENT-IP="52.12.55.86:46356" X-Client-IP="52.12.55.86" X-SITE-DEPLOYMENT-ID="web-app-un4Rh" WAS-DEFAULT-HOSTNAME="web-app-un4rh.scm.azurewebsites.net" X-Forwarded-Proto="https" X-AppService-Proto="https" X-Forwarded-TlsVersion="1.3" X-WAWS-Unencoded-URL="/api/zipdeploy?isAsync=true" X-Client-Port="46356" >
  <step title="Cleanup Xml Logs" date="2024-06-21T04:26:25.172" /><!-- duration: 6ms -->
  <step title="ZipPushDeploy" date="2024-06-21T04:26:25.203" >
    <step title="ZipDeploy. Extract zip. Remote build." date="2024-06-21T04:26:25.210" /><!-- duration: 2ms -->
    <step title="None repository commit" date="2024-06-21T04:26:25.220" >
      <step title="Commit id: bec17a8d-4cb7-47be-9329-ab6b509e101c" date="2024-06-21T04:26:25.223" Message="N/A" AuthorName="N/A" AuthorEmail="N/A" /><!-- duration: 2ms -->
    </step><!-- duration: 7ms -->
    <step title="Writing artifact to /tmp/zipdeploy/55eb4228-dab4-4706-8c4e-5b2534a187cf.zip" date="2024-06-21T04:26:25.239" /><!-- duration: 203ms -->
    <step title="Start deployment in the background" date="2024-06-21T04:26:25.450" >
      <step title="Acquiring Deployment Lock" date="2024-06-21T04:26:25.459" /><!-- duration: 5ms -->
      <step title="Acquired Deployment Lock" date="2024-06-21T04:26:25.485" /><!-- duration: 2ms -->
    </step><!-- duration: 92ms -->
  </step><!-- duration: 343ms -->
  <step title="Outgoing response" date="2024-06-21T04:26:25.555" type="response" statusCode="202" statusText="Accepted" /><!-- duration: 3ms -->
</step><!-- duration: 392ms -->
